player_name,season,club,league,current_pool,goals,assists,minutes,rt
Alexsandro de Souza,1011,Fenerbahçe,TR,CAM,28,16,2728,91
C. Palmer,2324,Chelsea,PL,CAM,22,11,2618,91
K. De Bruyne,1920,Manchester City,PL,CAM,13,20,2800,91
Bruno Fernandes,2526,Manchester United,PL,CAM,9,21,3066,90
Bruno Fernandes,2021,Manchester United,PL,CAM,18,12,3109,90
P. Foden,2324,Manchester City,PL,CAM,19,8,2874,90
Bruno Fernandes,1819,Sporting CP,PRT,CAM,20,13,2942,89
D. Alli,1617,Tottenham,PL,CAM,18,7,3045,89
Nenê,1112,Paris Saint Germain,L1,CAM,21,11,3033,89
Pablo Sarabia,1819,Sevilla,LL,CAM,12,13,2728,89
C. Palmer,2425,Chelsea,PL,CAM,15,8,3199,88
D. Berardi,2122,Sassuolo,SA,CAM,15,14,2838,88
K. De Bruyne,2122,Manchester City,PL,CAM,15,8,2205,88
K. De Bruyne,1718,Manchester City,PL,CAM,8,16,3085,88
M. Ødegaard,2223,Arsenal,PL,CAM,15,7,3149,88
M. Özil,1516,Arsenal,PL,CAM,6,19,3049,88
M. Reus,1819,Borussia Dortmund,BL,CAM,17,8,2322,88
M. Reus,1112,Borussia Mönchengladbach,BL,CAM,18,8,2781,88
D. Payet,1516,West Ham,PL,CAM,9,12,2573,87
J. Maddison,2122,Leicester,PL,CAM,12,8,2466,87
K. De Bruyne,2223,Manchester City,PL,CAM,7,16,2425,87
K. De Bruyne,1617,Manchester City,PL,CAM,6,18,2885,87
Pizzi,1819,Benfica,PRT,CAM,13,17,2721,87
A. El Khayati,1819,ADO Den Haag,ERE,CAM,17,12,2932,86
D. Alli,1718,Tottenham,PL,CAM,9,10,2972,86
D. Alli,1516,Tottenham,PL,CAM,10,9,2482,86
D. Berardi,2021,Sassuolo,SA,CAM,17,7,2484,86
E. Forsberg,1617,RB Leipzig,BL,CAM,8,19,2349,86
Francisco Medina Luna,1213,Rayo Vallecano,LL,CAM,18,2,2836,86
G. Sigurðsson,1819,Everton,PL,CAM,13,6,3134,86
J. Bellingham,2324,Real Madrid,LL,CAM,19,6,2324,86
M. Hamšík,1617,Napoli,SA,CAM,12,10,3050,86
M. Pjanić,1516,AS Roma,SA,CAM,10,12,2653,86
R. Fraser,1819,Bournemouth,PL,CAM,7,14,3173,86
S. Milinković-Savić,2122,Lazio,SA,CAM,11,11,3110,86
Santi Cazorla,1920,Villarreal,LL,CAM,11,9,2461,86
T. Müller,1920,Bayern München,BL,CAM,8,21,2259,86
B. Bourigeaud,2122,Rennes,L1,CAM,11,12,3215,85
Bruno Fernandes,2324,Manchester United,PL,CAM,10,8,3119,85
Bruno Fernandes,2122,Manchester United,PL,CAM,10,6,3119,85
C. Baumgartner,2526,RB Leipzig,BL,CAM,13,8,2789,85
C. Eriksen,1516,Tottenham,PL,CAM,6,13,2941,85
H. Ben Arfa,1516,Nice,L1,CAM,17,6,2843,85
Jonathan Viera,1516,Las Palmas,LL,CAM,10,9,3121,85
K. De Bruyne,2021,Manchester City,PL,CAM,6,12,2001,85
Luis Alberto,1920,Lazio,SA,CAM,6,15,3122,85
M. Ødegaard,2324,Arsenal,PL,CAM,8,10,3104,85
M. Özil,1617,Arsenal,PL,CAM,8,9,2848,85
Matheus Pereira,2021,West Brom,PL,CAM,11,6,2582,85
Mikel Oyarzabal,1920,Real Sociedad,LL,CAM,10,11,3063,85
Nenê,1011,Paris Saint Germain,L1,CAM,14,9,3089,85
P. Foden,2223,Manchester City,PL,CAM,11,5,1872,85
T. Hazard,1819,Borussia Mönchengladbach,BL,CAM,10,10,2878,85
T. Müller,2122,Bayern München,BL,CAM,8,18,2578,85
T. Müller,2021,Bayern München,BL,CAM,11,18,2683,85
A. Ljajić,1617,Torino,SA,CAM,10,8,2521,84
Bruno Fernandes,2223,Manchester United,PL,CAM,8,8,3325,84
Carlos Soler,2021,Valencia,LL,CAM,11,8,2737,84
H. Çalhanoğlu,1920,AC Milan,SA,CAM,9,9,2718,84
Isco,1617,Real Madrid,LL,CAM,10,8,1637,84
J. Hofmann,2223,Borussia Mönchengladbach,BL,CAM,12,9,2684,84
J. Karlsson,2122,AZ Alkmaar,ERE,CAM,17,12,3276,84
J. Maddison,2425,Tottenham,PL,CAM,9,7,1817,84
J. Musiala,2223,Bayern München,BL,CAM,12,10,2217,84
Juanmi,2122,Real Betis,LL,CAM,16,4,2148,84
K. De Bruyne,1516,Manchester City,PL,CAM,7,9,2003,84
M. Trésor,2223,Genk,BPL,CAM,8,24,3325,84
Mikel Oyarzabal,1718,Real Sociedad,LL,CAM,12,5,2781,84
H. Barnes,2122,Leicester,PL,CAM,6,10,2104,83
J. Brandt,1819,Bayer Leverkusen,BL,CAM,7,11,2674,83
J. Toornstra,1617,Feyenoord,ERE,CAM,14,9,2799,83
João Félix,1819,Benfica,PRT,CAM,15,7,1735,83
P. Pogba,1718,Manchester United,PL,CAM,6,10,2151,83
Pablo Sarabia,1617,Sevilla,LL,CAM,8,8,2133,83
Rafael van der Vaart,1011,Tottenham,PL,CAM,13,NR,2239,83
T. Müller,1718,Bayern München,BL,CAM,8,14,1964,83
Talisca,2526,Fenerbahçe,TR,CAM,19,4,1957,83
A. Boupendza,2021,Hatayspor,TR,CAM,22,1,2498,82
Bernardo Silva,2324,Manchester City,PL,CAM,6,9,2581,82
Bruno Fernandes,1920,Manchester United,PL,CAM,8,7,1193,82
C. Larin,2021,Beşiktaş,TR,CAM,19,5,2884,82
D. Klaassen,1516,Ajax,ERE,CAM,13,8,2635,82
David Silva,1415,Manchester City,PL,CAM,12,NR,2661,82
I. Saibari,2526,PSV Eindhoven,ERE,CAM,15,8,2145,82
Isco,1718,Real Madrid,LL,CAM,7,7,1781,82
L. Stindl,2021,Borussia Mönchengladbach,BL,CAM,14,8,1966,82
M. Mount,1718,Vitesse,ERE,CAM,14,9,2428,82
Mikel Oyarzabal,2021,Real Sociedad,LL,CAM,11,8,2430,82
Mikel Oyarzabal,1819,Real Sociedad,LL,CAM,13,2,3160,82
P. Foden,2021,Manchester City,PL,CAM,9,5,1611,82
R. Cherki,2526,Manchester City,PL,CAM,4,12,1806,82
S. Kagawa,1516,Borussia Dortmund,BL,CAM,9,7,2168,82
Talisca,1718,Beşiktaş,TR,CAM,14,7,2690,82
Bernardo Silva,1819,Manchester City,PL,CAM,7,7,2853,81
E. Smith Rowe,2122,Arsenal,PL,CAM,10,2,1921,81
Giuliano,1718,Fenerbahçe,TR,CAM,14,5,2594,81
H. Barnes,1920,Leicester,PL,CAM,6,8,2091,81
I. Saibari,2425,PSV Eindhoven,ERE,CAM,11,11,1786,81
J. Lingard,1718,Manchester United,PL,CAM,8,5,1821,81
J. Rodríguez,1516,Real Madrid,LL,CAM,7,8,1515,81
J. Rodríguez,1415,Real Madrid,LL,CAM,13,NR,2290,81
J. Rodríguez,1718,Bayern München,BL,CAM,7,11,1625,81
M. Hamšík,1516,Napoli,SA,CAM,6,11,3245,81
Philippe Coutinho,1516,Liverpool,PL,CAM,8,5,2005,81
Philippe Coutinho,1718,Barcelona,LL,CAM,8,5,1304,81
R. Cherki,2425,Lyon,L1,CAM,8,11,2054,81
S. Milinković-Savić,2021,Lazio,SA,CAM,8,9,2754,81
T. Bongonda,2021,Genk,BPL,CAM,16,8,2908,81
X. Simons,2324,RB Leipzig,BL,CAM,8,11,2675,81
A. Ljajić,1819,Beşiktaş,TR,CAM,9,11,2229,80
Bernardo Silva,2122,Manchester City,PL,CAM,8,4,2861,80
Bernardo Silva,1920,Manchester City,PL,CAM,6,7,2029,80
Bruno Fernandes,1718,Sporting CP,PRT,CAM,11,8,2806,80
C. Palmer,2526,Chelsea,PL,CAM,10,1,1978,80
D. Alli,1920,Tottenham,PL,CAM,8,4,1853,80
D. Szoboszlai,2526,Liverpool,PL,CAM,6,7,3244,80
Dani Olmo,2526,Barcelona,LL,CAM,7,8,2077,80
F. Honorat,2122,Stade Brestois 29,L1,CAM,11,4,2911,80
H. Mkhitaryan,1920,AS Roma,SA,CAM,9,5,1534,80
H. Vanaken,2122,Club Brugge KV,BPL,CAM,11,9,3286,80
J. Bellingham,2425,Real Madrid,LL,CAM,9,8,2493,80
J. Brandt,2324,Borussia Dortmund,BL,CAM,7,11,2230,80
J. Brandt,2223,Borussia Dortmund,BL,CAM,9,8,2410,80
J. Brandt,2122,Borussia Dortmund,BL,CAM,9,8,2082,80
J. Ito,2021,Genk,BPL,CAM,11,14,3232,80
J. Maddison,2324,Tottenham,PL,CAM,4,9,2154,80
J. Rodríguez,1617,Real Madrid,LL,CAM,8,6,1179,80
João Mário,2223,Benfica,PRT,CAM,17,6,2477,80
K. De Bruyne,2324,Manchester City,PL,CAM,4,10,1235,80
L. Pellegrini,2122,AS Roma,SA,CAM,9,5,2300,80
M. Mahi,1617,Groningen,ERE,CAM,17,3,2570,80
P. Foden,2526,Manchester City,PL,CAM,7,5,2119,80
Philippe Coutinho,1718,Liverpool,PL,CAM,7,6,1116,80
Pizzi,1617,Benfica,PRT,CAM,10,8,2846,80
R. Ghezzal,2021,Beşiktaş,TR,CAM,8,17,2418,80
Rafael van der Vaart,1112,Tottenham,PL,CAM,11,NR,2335,80
S. Szymański,2324,Fenerbahçe,TR,CAM,10,11,2916,80
T. Hazard,1718,Borussia Mönchengladbach,BL,CAM,10,5,2946,80
