club_rank,player_name,season,club,league,current_pool,coarse_position,rt,goals,assists,minutes,dribbles_per90,status,api_player_id,card_id
1,J. Bellingham,2324,Real Madrid,LL,CAM,MID,86,19,6,2324,1.94,unchecked,129718,137957
1,Isco,1617,Real Madrid,LL,CAM,MID,84,10,8,1637,2.91,held,745,140919
1,Isco,1718,Real Madrid,LL,CAM,MID,82,7,7,1781,2.93,unchecked,745,140459
1,T. Kroos,1718,Real Madrid,LL,CDM,MID,82,5,7,2268,0.95,unchecked,752,140567
1,J. Rodríguez,1516,Real Madrid,LL,CAM,MID,81,7,8,1515,1.13,held,517,141576
1,J. Rodríguez,1415,Real Madrid,LL,CAM,MID,81,13,NR,2290,NR,unchecked,517,141996
1,J. Bellingham,2425,Real Madrid,LL,CM,MID,80,9,8,2493,1.44,written,129718,137533
1,T. Kroos,1617,Real Madrid,LL,CM,MID,80,3,12,2501,1.01,unchecked,752,141020
1,J. Rodríguez,1617,Real Madrid,LL,CAM,MID,80,8,6,1179,0.99,held,517,141118
1,Brahim Díaz,2324,Real Madrid,LL,CAM,MID,77,8,6,1582,3.13,held,744,138045
1,A. Güler,2526,Real Madrid,LL,CM,MID,76,4,9,2026,1.2,unchecked,291964,137029
1,T. Kroos,2021,Real Madrid,LL,CM,MID,75,3,10,2121,0.68,unchecked,752,139297
1,L. Modrić,1920,Real Madrid,LL,CM,MID,74,3,7,1998,1.94,unchecked,754,139766
1,Casemiro,1718,Real Madrid,LL,CDM,MID,74,5,3,2601,0.38,unchecked,747,140598
1,J. Bellingham,2526,Real Madrid,LL,CM,MID,73,6,4,1917,1.74,unchecked,129718,137184
1,L. Modrić,1819,Real Madrid,LL,CM,MID,73,3,6,2618,1.86,unchecked,754,140182
1,Casemiro,2021,Real Madrid,LL,CM,MID,72,6,4,2902,0.4,unchecked,747,139311
1,T. Kroos,1920,Real Madrid,LL,CM,MID,72,4,5,2656,1.05,unchecked,752,139718
1,F. Valverde,2425,Real Madrid,LL,CDM,MID,71,6,4,3034,0.47,unchecked,756,137478
2,Philippe Coutinho,1718,Barcelona,LL,CAM,MID,81,8,5,1304,3.17,held,147,140668
2,Dani Olmo,2526,Barcelona,LL,CAM,MID,80,7,8,2077,0.69,held,1323,137007
2,Fermín,2526,Barcelona,LL,CM,MID,80,6,9,1797,2.2,unchecked,340626,137012
2,Paulinho,1718,Barcelona,LL,CM,MID,80,9,2,1940,1.16,unchecked,12719,140677
2,I. Rakitić,1617,Barcelona,LL,CM,MID,80,8,5,2345,0.88,unchecked,149,141018
2,Cesc Fàbregas,1213,Barcelona,LL,CM,MID,78,11,NR,2321,NR,unchecked,108,142772
2,A. Vidal,1920,Barcelona,LL,CM,MID,77,8,2,1662,0.43,unchecked,151,139731
2,A. Vidal,1819,Barcelona,LL,CM,MID,76,3,7,1928,0.23,unchecked,151,140150
2,İ. Gündoğan,2324,Barcelona,LL,CM,MID,75,5,9,2997,1.02,unchecked,633,138059
2,Pedri,2526,Barcelona,LL,CDM,MID,74,2,9,2107,1.58,unchecked,133609,136994
2,Dani Olmo,2425,Barcelona,LL,CM,MID,74,9,3,1194,1.73,unchecked,1323,137539
2,Rafinha,1617,Barcelona,LL,CM,MID,72,6,2,1078,1,unchecked,142,140972
2,Fermín,2425,Barcelona,LL,CM,MID,71,6,4,1193,1.74,unchecked,340626,137473
2,Philippe Coutinho,1819,Barcelona,LL,CM,MID,71,5,2,2020,2.27,unchecked,147,140238
2,Fermín,2324,Barcelona,LL,CM,MID,70,8,0,1451,1.3,unchecked,340626,137873
2,I. Rakitić,1819,Barcelona,LL,CM,MID,70,3,5,2643,0.65,unchecked,149,140134
3,T. Müller,1920,Bayern München,BL,CAM,FWD,86,8,21,2259,0.72,unchecked,522,153383
3,T. Müller,2122,Bayern München,BL,CAM,FWD,85,8,18,2578,0.45,unchecked,522,152627
3,T. Müller,2021,Bayern München,BL,CAM,FWD,85,11,18,2683,0.91,unchecked,522,152998
3,J. Musiala,2223,Bayern München,BL,CAM,MID,84,12,10,2217,3.13,unchecked,181812,152176
3,T. Müller,1718,Bayern München,BL,CAM,FWD,83,8,14,1964,0.55,held,522,154110
3,J. Rodríguez,1718,Bayern München,BL,CAM,MID,81,7,11,1625,1.11,held,517,154210
3,J. Musiala,2425,Bayern München,BL,CAM,MID,79,12,2,1804,3.44,held,181812,151525
3,J. Musiala,2324,Bayern München,BL,CAM,MID,79,10,5,1767,4.23,held,181812,151851
3,Philippe Coutinho,1920,Bayern München,BL,CDM,MID,78,8,6,1413,2.1,unchecked,147,153484
3,L. Goretzka,1819,Bayern München,BL,CM,MID,78,8,4,2021,0.67,unchecked,511,153623
3,F. Ribéry,1617,Bayern München,BL,CDM,MID,78,5,11,1241,2.76,unchecked,515,154625
3,T. Müller,1617,Bayern München,BL,CAM,FWD,77,5,12,2264,0.64,held,522,154486
3,L. Goretzka,2324,Bayern München,BL,CDM,MID,76,6,7,2243,0.52,unchecked,511,151848
3,T. Müller,1819,Bayern München,BL,CAM,FWD,76,6,9,2391,0.87,held,522,153761
3,T. Müller,2223,Bayern München,BL,CAM,FWD,74,7,8,1679,0.48,held,522,152262
3,J. Kimmich,2122,Bayern München,BL,CM,MID,74,3,11,2478,0.76,unchecked,502,152523
3,L. Goretzka,1920,Bayern München,BL,CDM,MID,74,6,5,1513,1.13,unchecked,511,153256
3,J. Rodríguez,1819,Bayern München,BL,CM,MID,74,7,3,1142,1.26,unchecked,517,153851
3,F. Ribéry,1819,Bayern München,BL,CDM,MID,74,6,3,1167,2.78,unchecked,515,153880
3,Thiago Alcântara,1617,Bayern München,BL,CM,MID,74,6,5,2291,2.36,unchecked,507,154545
3,J. Kimmich,2021,Bayern München,BL,CM,MID,73,4,10,2197,1.19,unchecked,502,152884
3,C. Tolisso,1718,Bayern München,BL,CAM,MID,73,6,4,1527,0.29,held,519,154104
3,T. Müller,2324,Bayern München,BL,CAM,FWD,72,5,9,1659,0.6,held,522,151912
3,J. Kimmich,2223,Bayern München,BL,CDM,MID,72,5,6,2819,0.42,unchecked,502,152170
3,J. Kimmich,1920,Bayern München,BL,CDM,MID,72,4,7,2822,0.61,unchecked,502,153254
3,L. Karl,2526,Bayern München,BL,CM,MID,70,5,5,1282,1.54,unchecked,494131,150899
3,J. Kimmich,2425,Bayern München,BL,CDM,MID,70,3,7,2847,0.38,unchecked,502,151522
3,J. Musiala,2122,Bayern München,BL,CM,MID,70,5,5,1454,3.53,unchecked,181812,152535
3,S. Gnabry,2021,Bayern München,BL,CAM,FWD,70,10,2,1652,1.31,held,510,153096
3,A. Vidal,1718,Bayern München,BL,CM,MID,70,6,2,1459,0.56,unchecked,151,154165
4,Nenê,1112,Paris Saint Germain,L1,CAM,MID,89,21,11,3033,NR,held,9970,162793
4,Á. Di María,1920,Paris Saint Germain,L1,CDM,MID,86,8,14,2005,3.01,unchecked,266,159482
4,Nenê,1011,Paris Saint Germain,L1,CAM,MID,85,14,9,3089,NR,held,9970,163158
4,Vitinha,2324,Paris Saint Germain,L1,CM,MID,73,7,4,2129,1.35,unchecked,128384,157854
4,João Neves,2425,Paris Saint Germain,L1,CM,MID,70,3,8,1857,0.78,unchecked,335051,157285
5,K. De Bruyne,1920,Manchester City,PL,CAM,MID,91,13,20,2800,1.54,unchecked,629,133095
5,Yaya Touré,1314,Manchester City,PL,CM,MID,90,20,9,2927,NR,unchecked,90493,135435
5,K. De Bruyne,2122,Manchester City,PL,CM,MID,88,15,8,2205,1.27,written,629,132293
5,K. De Bruyne,1718,Manchester City,PL,CM,MID,88,8,16,3085,1.84,written,629,133902
5,K. De Bruyne,2223,Manchester City,PL,CAM,MID,87,7,16,2425,1.19,unchecked,629,131889
5,K. De Bruyne,1617,Manchester City,PL,CAM,MID,87,6,18,2885,1.62,held,629,134310
5,Rodri,2324,Manchester City,PL,CDM,MID,86,8,9,2938,1.29,unchecked,44,131182
5,K. De Bruyne,2021,Manchester City,PL,CM,MID,85,6,12,2001,2.16,written,629,132704
5,İ. Gündoğan,2021,Manchester City,PL,CM,MID,85,13,2,2034,1.19,unchecked,633,132742
5,K. De Bruyne,1516,Manchester City,PL,CAM,MID,84,7,9,2003,1.62,held,629,134720
5,R. Cherki,2526,Manchester City,PL,CAM,MID,82,4,12,1806,2.49,held,156477,130481
5,Bernardo Silva,2324,Manchester City,PL,CM,MID,82,6,9,2581,1.33,written,636,131184
5,David Silva,1415,Manchester City,PL,CAM,MID,82,12,NR,2661,0.14,unchecked,634,134879
5,P. Foden,2526,Manchester City,PL,CAM,MID,80,7,5,2119,1.06,held,631,130598
5,K. De Bruyne,2324,Manchester City,PL,CAM,MID,80,4,10,1235,0.73,held,629,131490
5,İ. Gündoğan,2223,Manchester City,PL,CM,MID,80,8,4,2377,0.61,unchecked,633,131925
5,Bernardo Silva,2122,Manchester City,PL,CM,MID,80,8,4,2861,1.67,written,636,131984
5,İ. Gündoğan,2122,Manchester City,PL,CM,MID,80,8,4,1859,1.16,unchecked,633,132342
5,Bernardo Silva,1920,Manchester City,PL,CAM,MID,80,6,7,2029,1.77,held,636,132801
5,K. De Bruyne,2425,Manchester City,PL,CM,MID,77,4,7,1715,0.63,unchecked,629,131067
5,Rodri,2122,Manchester City,PL,CDM,MID,77,7,2,2887,0.37,written,44,131980
5,P. Foden,2425,Manchester City,PL,CM,MID,76,7,2,1786,0.71,unchecked,631,130769
5,M. Kovačić,2425,Manchester City,PL,CDM,MID,75,6,2,2207,0.9,unchecked,2291,130771
5,İ. Gündoğan,1819,Manchester City,PL,CM,MID,75,6,3,2141,0.8,unchecked,633,133554
5,Bernardo Silva,2223,Manchester City,PL,CM,MID,73,4,5,2222,1.13,unchecked,636,131584
5,T. Reijnders,2526,Manchester City,PL,CM,MID,71,5,2,1640,1.04,unchecked,36902,130478
5,Rodri,2223,Manchester City,PL,CDM,MID,71,2,6,2920,0.77,unchecked,44,131581
5,Fernandinho,1718,Manchester City,PL,CM,MID,71,5,3,2885,0.69,unchecked,640,133950
5,Bernardo Silva,2425,Manchester City,PL,CM,MID,70,4,4,2671,0.91,unchecked,636,130770
5,Bernardo Silva,2021,Manchester City,PL,CM,MID,70,2,6,2071,1.78,unchecked,636,132394
6,Bruno Fernandes,2526,Manchester United,PL,CM,MID,90,9,21,3066,0.44,written,1485,130524
6,Bruno Fernandes,2021,Manchester United,PL,CAM,MID,90,18,12,3109,0.67,unchecked,1485,132427
6,P. Pogba,1819,Manchester United,PL,CM,MID,88,13,9,3011,1.79,unchecked,904,133538
6,Bruno Fernandes,2324,Manchester United,PL,CAM,MID,85,10,8,3119,0.55,unchecked,1485,131237
6,Bruno Fernandes,2122,Manchester United,PL,CAM,MID,85,10,6,3119,0.75,unchecked,1485,132020
6,Bruno Fernandes,2223,Manchester United,PL,CAM,MID,84,8,8,3325,0.87,unchecked,1485,131634
6,P. Pogba,1718,Manchester United,PL,CM,MID,83,6,10,2151,3.14,written,904,133935
6,Casemiro,2526,Manchester United,PL,CDM,MID,82,9,2,2593,0.21,unchecked,747,130520
6,Bruno Fernandes,1920,Manchester United,PL,CAM,MID,82,8,7,1193,1.13,unchecked,1485,132831
6,J. Lingard,1718,Manchester United,PL,CAM,MID,81,8,5,1821,1.38,held,900,133661
6,S. McTominay,2324,Manchester United,PL,CDM,MID,77,7,1,1919,0.38,unchecked,903,131492
6,Mata,1617,Manchester United,PL,CM,MID,75,6,3,1628,0.77,unchecked,901,134393
6,C. Eriksen,2223,Manchester United,PL,CDM,MID,73,1,8,2067,0.35,unchecked,174,131895
6,P. Pogba,2122,Manchester United,PL,CM,MID,73,1,9,1353,2.59,unchecked,904,132318
6,P. Pogba,1617,Manchester United,PL,CM,MID,73,5,4,2609,2.48,written,904,134344
6,Casemiro,2223,Manchester United,PL,CDM,MID,71,4,3,2126,0.38,unchecked,747,131630
6,Fred,2122,Manchester United,PL,CM,MID,71,4,4,2035,0.93,unchecked,905,132343
6,Mata,1718,Manchester United,PL,CM,MID,71,3,5,1930,0.79,unchecked,901,133989
7,A. Lallana,1617,Liverpool,PL,CM,MID,83,8,7,2349,1.26,unchecked,295,134223
7,J. Milner,1516,Liverpool,PL,CM,MID,83,5,11,2416,0.71,unchecked,296,134439
7,G. Wijnaldum,1617,Liverpool,PL,CM,MID,82,6,9,2978,0.91,unchecked,300,134340
7,D. Szoboszlai,2526,Liverpool,PL,CM,MID,80,6,7,3244,0.72,written,1096,130267
7,Philippe Coutinho,1718,Liverpool,PL,CAM,MID,80,7,6,1116,3.15,held,147,133946
7,D. Szoboszlai,2425,Liverpool,PL,CM,MID,79,6,6,2495,0.76,unchecked,1096,130729
7,A. Mac Allister,2425,Liverpool,PL,CDM,MID,78,5,5,2607,0.55,unchecked,6716,130721
7,A. Mac Allister,2324,Liverpool,PL,CM,MID,75,5,5,2611,0.62,unchecked,6716,131132
7,X. Shaqiri,1819,Liverpool,PL,CAM,MID,75,6,3,1058,0.51,held,307,133534
7,J. Milner,1819,Liverpool,PL,CM,MID,74,5,4,1785,0.76,unchecked,296,133238
7,R. Gravenberch,2526,Liverpool,PL,CDM,MID,73,5,3,2996,0.93,unchecked,542,108918
7,H. Elliott,2324,Liverpool,PL,CM,MID,73,3,6,1337,0.61,unchecked,19035,131144
7,J. Henderson,1920,Liverpool,PL,CM,MID,73,4,5,2244,0.68,unchecked,292,132863
7,F. Wirtz,2526,Liverpool,PL,CM,MID,72,5,3,2399,1.46,unchecked,203224,130274
7,E. Can,1617,Liverpool,PL,CAM,MID,70,5,2,2368,0.8,held,864,134342
8,M. Ødegaard,2223,Arsenal,PL,CAM,MID,88,15,7,3149,1.4,unchecked,37127,131533
8,M. Özil,1516,Arsenal,PL,CAM,MID,88,6,19,3049,1.36,unchecked,1458,134800
8,M. Ødegaard,2324,Arsenal,PL,CAM,MID,85,8,10,3104,1.07,unchecked,37127,131118
8,M. Özil,1617,Arsenal,PL,CAM,MID,85,8,9,2848,1.01,unchecked,1458,134385
8,D. Rice,2324,Arsenal,PL,CM,MID,82,7,8,3232,0.58,unchecked,2937,131110
8,G. Xhaka,2223,Arsenal,PL,CM,MID,81,7,7,3004,0.48,unchecked,1464,131614
8,Santi Cazorla,1213,Arsenal,PL,CM,MID,81,12,NR,3311,NR,unchecked,1695,135891
8,H. Mkhitaryan,1819,Arsenal,PL,CDM,MID,80,6,4,1643,1.1,unchecked,1457,133507
8,M. Ødegaard,2122,Arsenal,PL,CAM,MID,78,7,4,2793,0.81,unchecked,37127,131961
8,A. Ramsey,1819,Arsenal,PL,CDM,MID,78,4,6,1327,0.81,unchecked,1459,133539
8,D. Rice,2425,Arsenal,PL,CM,MID,76,4,7,2833,0.44,unchecked,2937,130698
8,M. Ødegaard,2425,Arsenal,PL,CM,MID,76,3,8,2331,0.97,unchecked,37127,130704
8,Mikel Merino,2425,Arsenal,PL,CM,MID,76,7,2,1581,0.51,unchecked,47311,130706
8,E. Eze,2526,Arsenal,PL,CM,MID,76,7,2,1900,1.37,unchecked,19586,186833
8,M. Özil,1819,Arsenal,PL,CDM,MID,73,5,2,1741,1.09,unchecked,1458,133585
8,D. Rice,2526,Arsenal,PL,CM,MID,72,4,5,3099,0.41,unchecked,2937,130538
8,A. Oxlade-Chamberlain,1617,Arsenal,PL,CM,MID,72,2,7,1562,3.51,unchecked,297,134382
8,Mikel Merino,2526,Arsenal,PL,CM,MID,70,4,3,1035,0.43,unchecked,47311,130546
9,C. Palmer,2425,Chelsea,PL,CAM,MID,88,15,8,3199,1.43,unchecked,152982,130812
9,E. Fernández,2526,Chelsea,PL,CDM,MID,85,10,4,3134,0.37,unchecked,5996,130489
9,Cesc Fàbregas,1617,Chelsea,PL,CDM,MID,85,5,12,1328,0.81,unchecked,108,134065
9,E. Fernández,2425,Chelsea,PL,CDM,MID,82,6,7,2948,0.79,unchecked,5996,130809
9,C. Palmer,2526,Chelsea,PL,CAM,MID,80,10,1,1978,1,unchecked,152982,130497
9,C. Gallagher,2324,Chelsea,PL,CDM,MID,80,5,7,3137,1.09,unchecked,67972,131463
9,M. Mount,1920,Chelsea,PL,CAM,MID,79,7,5,2874,1.25,held,19220,132839
9,Pedro Neto,2526,Chelsea,PL,CM,MID,77,5,6,2643,1.6,unchecked,1864,130488
9,M. Mount,2021,Chelsea,PL,CM,MID,77,6,5,2891,1.34,unchecked,19220,132437
9,Jorginho,2122,Chelsea,PL,CDM,MID,75,6,2,2278,0.63,unchecked,2289,132330
9,Jorginho,2021,Chelsea,PL,CM,MID,74,7,1,2013,0.76,unchecked,2289,132744
9,R. Loftus-Cheek,1819,Chelsea,PL,CM,MID,73,6,2,983,3.75,unchecked,2292,133492
9,M. Caicedo,2425,Chelsea,PL,CDM,MID,72,1,2,3356,0.78,unchecked,116117,130811
9,M. Caicedo,2526,Chelsea,PL,CDM,MID,71,3,1,2802,0.48,unchecked,116117,130496
9,M. Mudryk,2324,Chelsea,PL,CM,MID,71,5,2,1586,2.21,unchecked,63577,131208
9,R. Barkley,1819,Chelsea,PL,CM,MID,71,3,5,1241,1.09,unchecked,2287,133242
9,M. Caicedo,2324,Chelsea,PL,CDM,MID,70,1,3,2874,0.81,unchecked,116117,131218
9,M. Kovačić,2122,Chelsea,PL,CDM,MID,70,2,5,1555,2.2,unchecked,2291,131986
10,P. Pogba,1516,Juventus,SA,CM,MID,85,8,12,3018,3.04,unchecked,904,148715
10,M. Pjanić,1617,Juventus,SA,CDM,MID,81,5,9,2173,0.66,unchecked,872,148314
10,A. Rabiot,2223,Juventus,SA,CDM,MID,79,8,4,2751,0.88,unchecked,272,145272
10,S. Khedira,1718,Juventus,SA,CM,MID,78,9,2,1922,0.37,unchecked,868,147765
10,M. Pjanić,1718,Juventus,SA,CM,MID,78,5,8,2488,1.01,unchecked,872,147857
10,J. Cuadrado,1718,Juventus,SA,CM,MID,73,4,6,1358,1.99,unchecked,866,147790
10,K. Thuram,2425,Juventus,SA,CDM,MID,72,4,5,2337,1.5,unchecked,116,144459
10,M. Pjanić,1920,Juventus,SA,CDM,MID,72,3,6,2286,0.59,unchecked,872,147003
10,S. Khedira,1617,Juventus,SA,CM,MID,71,5,4,2548,0.53,unchecked,868,148206
10,M. Pjanić,1819,Juventus,SA,CM,MID,70,2,6,2288,0.43,unchecked,872,147426
11,H. Çalhanoğlu,1920,AC Milan,SA,CAM,MID,84,9,9,2718,0.93,held,1640,146886
11,T. Reijnders,2425,AC Milan,SA,CDM,MID,83,10,4,3132,1.03,unchecked,36902,144767
11,F. Kessié,2021,AC Milan,SA,CM,MID,83,13,4,3230,1.2,unchecked,1642,146412
11,A. Rebić,2021,AC Milan,SA,CAM,FWD,79,11,4,1783,1.01,held,1831,146590
11,Brahim Díaz,2223,AC Milan,SA,CM,MID,77,6,7,1947,1.8,unchecked,744,145665
11,G. Bonaventura,1718,AC Milan,SA,CM,MID,77,8,3,2552,1.2,unchecked,1638,147727
11,H. Çalhanoğlu,2021,AC Milan,SA,CM,MID,75,4,9,2627,1.23,unchecked,1640,146443
11,F. Kessié,1819,AC Milan,SA,CM,MID,75,7,2,3021,1.34,unchecked,1642,147296
12,H. Çalhanoğlu,2324,Inter,SA,CDM,MID,85,13,3,2576,0.24,unchecked,1640,145154
12,H. Çalhanoğlu,2122,Inter,SA,CDM,MID,85,7,12,2509,0.47,unchecked,1640,146002
12,H. Çalhanoğlu,2526,Inter,SA,CDM,MID,81,9,4,1650,0.27,unchecked,1640,144334
12,É. Banega,1617,Inter,SA,CDM,MID,80,6,6,1558,2.37,unchecked,2050,148123
12,R. Nainggolan,1819,Inter,SA,CDM,MID,79,6,3,1971,1.23,unchecked,205,147242
12,M. Brozović,1718,Inter,SA,CM,MID,77,4,9,1923,1.22,unchecked,201,147724
12,H. Çalhanoğlu,2425,Inter,SA,CM,MID,75,5,6,1961,0.14,unchecked,1640,144750
12,N. Barella,2223,Inter,SA,CM,MID,75,6,6,2622,1.37,unchecked,30558,145370
12,P. Zieliński,2526,Inter,SA,CM,MID,72,6,3,2055,0.79,unchecked,329,144133
12,N. Barella,2526,Inter,SA,CM,MID,72,3,8,2533,0.89,unchecked,30558,144140
12,N. Barella,2425,Inter,SA,CM,MID,70,3,6,2425,0.85,unchecked,30558,144546
12,D. Frattesi,2324,Inter,SA,CM,MID,70,6,3,934,0.67,unchecked,31173,144944
13,M. Reus,1819,Borussia Dortmund,BL,CAM,MID,88,17,8,2322,0.97,unchecked,25,153747
13,S. Kagawa,1516,Borussia Dortmund,BL,CAM,MID,82,9,7,2168,0.83,unchecked,1991,154989
13,J. Brandt,2324,Borussia Dortmund,BL,CAM,MID,80,7,11,2230,1.09,unchecked,984,151651
13,J. Brandt,2223,Borussia Dortmund,BL,CAM,MID,80,9,8,2410,1.53,held,984,152033
13,J. Brandt,2122,Borussia Dortmund,BL,CAM,MID,80,9,8,2082,1.64,held,984,152401
13,M. Reus,1920,Borussia Dortmund,BL,CAM,MID,79,11,5,1502,1.56,held,25,153382
13,M. Götze,1819,Borussia Dortmund,BL,CAM,MID,79,7,7,1680,1.39,held,16,153546
13,J. Brandt,2425,Borussia Dortmund,BL,CAM,MID,77,5,10,2318,0.7,held,984,151298
13,M. Reus,2324,Borussia Dortmund,BL,CM,MID,74,6,6,1610,0.45,unchecked,25,151911
13,J. Bellingham,2223,Borussia Dortmund,BL,CM,MID,74,8,4,2693,2.87,unchecked,129718,152030
13,M. Reus,1617,Borussia Dortmund,BL,CAM,MID,74,7,4,1190,1.74,held,25,154485
13,M. Reus,2223,Borussia Dortmund,BL,CM,MID,70,6,4,1356,0.6,unchecked,25,152261
14,Koke,1516,Atletico Madrid,LL,CM,MID,84,5,14,2972,0.45,unchecked,50,141372
14,Koke,1617,Atletico Madrid,LL,CM,MID,76,4,8,3171,0.4,unchecked,50,140911
14,Á. Correa,1718,Atletico Madrid,LL,CAM,FWD,75,8,4,2264,2.74,held,53,140473
14,Y. Carrasco,2122,Atletico Madrid,LL,CM,MID,74,6,6,2591,3.06,unchecked,2923,138770
14,Á. Correa,1617,Atletico Madrid,LL,CAM,FWD,73,4,8,1213,3.64,held,53,140932
14,Koke,1718,Atletico Madrid,LL,CM,MID,70,4,4,2764,0.65,unchecked,50,140450
15,C. Eriksen,1617,Tottenham,PL,CDM,MID,89,8,15,3167,0.77,unchecked,174,134338
15,D. Alli,1617,Tottenham,PL,CAM,MID,89,18,7,3045,1.45,unchecked,172,134381
15,C. Eriksen,1819,Tottenham,PL,CDM,MID,88,8,12,2772,0.58,unchecked,174,133532
15,C. Eriksen,1718,Tottenham,PL,CDM,MID,88,10,10,3226,0.81,unchecked,174,133928
15,D. Alli,1718,Tottenham,PL,CAM,MID,86,9,10,2972,1.33,unchecked,172,133972
15,D. Alli,1516,Tottenham,PL,CAM,MID,86,10,9,2482,1.09,held,172,134782
15,C. Eriksen,1516,Tottenham,PL,CAM,MID,85,6,13,2941,1.07,unchecked,174,134750
15,J. Maddison,2425,Tottenham,PL,CAM,MID,84,9,7,1817,1.63,unchecked,18784,130744
15,Rafael van der Vaart,1011,Tottenham,PL,CAM,MID,83,13,NR,2239,NR,unchecked,114799,136674
15,J. Maddison,2324,Tottenham,PL,CAM,MID,80,4,9,2154,1.34,unchecked,18784,131157
15,D. Alli,1920,Tottenham,PL,CAM,MID,80,8,4,1853,1.41,held,172,133173
15,Rafael van der Vaart,1112,Tottenham,PL,CAM,MID,80,11,NR,2335,NR,unchecked,114799,136284
15,D. Kulusevski,2324,Tottenham,PL,CM,MID,79,8,3,2767,1.76,unchecked,30435,131145
15,D. Kulusevski,2425,Tottenham,PL,CM,MID,78,7,4,2390,1.43,unchecked,30435,130733
15,P. Højbjerg,2223,Tottenham,PL,CDM,MID,74,4,5,3133,0.89,unchecked,2735,131859
15,R. Bentancur,2223,Tottenham,PL,CDM,MID,73,5,2,1506,1.25,unchecked,863,131557
15,D. Alli,1819,Tottenham,PL,CM,MID,73,5,3,1835,1.42,unchecked,172,133566
15,João Palhinha,2526,Tottenham,PL,CDM,MID,72,5,2,2210,0.41,unchecked,41104,130426
15,P. Højbjerg,2122,Tottenham,PL,CDM,MID,70,2,2,3199,1.18,unchecked,2735,132256
