api_player_id,card_id,player_name,season,league_code,current_pool,rt,proposed_position,confidence,hold_reason,evidence,source_batch
25,154485,M. Reus,1617,BL,CAM,74,Winger,low,"CHANGE proposed at low confidence , unresolved","Injury-hit 1190 min; Tuchel front-three rotation across LW/AM - thin, no clean majority",batch_01_verified.csv
1856,148164,S. Milinković-Savić,1617,SA,CAM,74,CM,medium,"CHANGE proposed at medium confidence , unresolved",Inzaghi's first season: interior of the midfield three (Biglia anchor); some advanced use - CM lean,batch_01_verified.csv
522,154486,T. Müller,1617,BL,CAM,77,Winger,medium,"CHANGE proposed at medium confidence , unresolved",Ancelotti's down year: mostly RW (Thiago/Vidal central),batch_01_verified.csv
47323,140917,Mikel Oyarzabal,1617,LL,CAM,60,Winger,medium,"CHANGE proposed at medium confidence , unresolved",Broke through as a wide forward (2G/7A); side varied,batch_01_verified.csv
2929,154491,T. Hazard,1617,BL,CAM,73,Winger,medium,"CHANGE proposed at medium confidence , unresolved",Wide L under Schubert then Hecking,batch_01_verified.csv
48079,144960,J. Karlsson,2324,SA,CAM,15,Winger,low,"CHANGE proposed at low confidence , unresolved",344 fringe minutes at Bologna; LW in cameos - thin sample,batch_01_verified.csv
8627,141141,T. Bongonda,1617,LL,CAM,46,Winger,medium,"CHANGE proposed at medium confidence , unresolved",Wide rotation (LW/RW) under Berizzo at Celta,batch_01_verified.csv
8627,177355,T. Bongonda,1920,BPL,CAM,50,Winger,medium,"CHANGE proposed at medium confidence , unresolved",Genk LW; 1420 min,batch_01_verified.csv
984,153926,J. Brandt,1718,BL,CAM,77,Winger,medium,"CHANGE proposed at medium confidence , unresolved",Mostly wide left under Herrlich (pre-Bosz),batch_01_verified.csv
18780,160857,R. Ghezzal,1617,L1,CAM,53,Winger,medium,"CHANGE proposed at medium confidence , unresolved",Lyon RW rotation (1284 min),batch_01_verified.csv
18780,160421,R. Ghezzal,1718,L1,CAM,58,Winger,low,"CHANGE proposed at low confidence , unresolved",995 fringe minutes at Monaco; wide when used - thin sample,batch_01_verified.csv
18780,182648,R. Ghezzal,2122,TR,CAM,64,Winger,medium,"CHANGE proposed at medium confidence , unresolved",RW in an injury-hit follow-up season,batch_01_verified.csv
1455,134041,A. Iwobi,1617,PL,CAM,58,Winger,medium,"CHANGE proposed at medium confidence , unresolved",Wenger: wide L/R rotation in breakout-adjacent season,batch_02_verified.csv
1455,133254,A. Iwobi,1819,PL,CAM,65,Winger,medium,"CHANGE proposed at medium confidence , unresolved",LW under Emery,batch_02_verified.csv
1455,132864,A. Iwobi,1920,PL,CAM,33,Winger,medium,"CHANGE proposed at medium confidence , unresolved",RW/right-mid under Silva then Ancelotti,batch_02_verified.csv
1455,132457,A. Iwobi,2021,PL,CAM,43,Winger,low,"CHANGE proposed at low confidence , unresolved","Ancelotti: RW/RM, occasional wing-back - rotation-heavy",batch_02_verified.csv
1455,132065,A. Iwobi,2122,PL,CAM,48,Winger,low,"CHANGE proposed at low confidence , unresolved",Benitez/Lampard: RW then RWB/CM late - no clean majority; wide plurality,batch_02_verified.csv
1455,131100,A. Iwobi,2324,PL,CAM,55,Winger,medium,"CHANGE proposed at medium confidence , unresolved",Silva's Fulham: right wing/AM,batch_02_verified.csv
1455,130920,A. Iwobi,2425,PL,CAM,79,Winger,medium,"CHANGE proposed at medium confidence , unresolved",Fulham RW/right AM; career-best 9G/6A,batch_02_verified.csv
1831,146590,A. Rebić,2021,SA,CAM,79,Winger,medium,"CHANGE proposed at medium confidence , unresolved",Milan LW (Ibrahimovic CF); CF cover when Ibra out,batch_02_verified.csv
18906,133066,Ayoze Pérez,1920,PL,CAM,76,Winger,medium,"CHANGE proposed at medium confidence , unresolved",Rodgers's Leicester: RW,batch_02_verified.csv
18906,138471,Ayoze Pérez,2223,LL,CAM,47,Winger,medium,"CHANGE proposed at medium confidence , unresolved",Betis from Jan: wide L/R under Pellegrini,batch_02_verified.csv
18906,137699,Ayoze Pérez,2324,LL,CAM,66,Winger,medium,"CHANGE proposed at medium confidence , unresolved",Betis RW/wide rotation,batch_02_verified.csv
1646,147347,Lucas Paquetá,1819,SA,CAM,47,CM,low,"CHANGE proposed at low confidence , unresolved",851 min after Jan arrival; Gattuso used him left interior in 4-3-3,batch_02_verified.csv
16,153546,M. Götze,1819,BL,CAM,79,ST,low,"CHANGE proposed at low confidence , unresolved","Bit-part early; regular from winter as Favre's false 9 with Reus at 10 - false-9 plurality, close call",batch_02_verified.csv
22016,159781,R. Oudin,1819,L1,CAM,79,Winger,medium,"CHANGE proposed at medium confidence , unresolved",Reims wide forward (L/R); 10-goal breakout,batch_02_verified.csv
22016,158980,R. Oudin,2021,L1,CAM,65,Winger,low,"CHANGE proposed at low confidence , unresolved",Bordeaux wide rotation,batch_02_verified.csv
22016,158540,R. Oudin,2122,L1,CAM,69,Winger,low,"CHANGE proposed at low confidence , unresolved",Bordeaux wide rotation; 1742 min,batch_02_verified.csv
19361,132702,S. Benrahma,2021,PL,CAM,59,Winger,low,"CHANGE proposed at low confidence , unresolved",Oct arrival; eased in as wide-left rotation under Moyes,batch_02_verified.csv
19361,132289,S. Benrahma,2122,PL,CAM,79,Winger,medium,"CHANGE proposed at medium confidence , unresolved",LW in Moyes's 4-2-3-1; some 10,batch_02_verified.csv
19361,131886,S. Benrahma,2223,PL,CAM,67,Winger,medium,"CHANGE proposed at medium confidence , unresolved",LW,batch_02_verified.csv
19361,131485,S. Benrahma,2324,PL,CAM,28,Winger,low,"CHANGE proposed at low confidence , unresolved",616 fringe min before Jan exit; LW in cameos,batch_02_verified.csv
19361,157475,S. Benrahma,2425,L1,CAM,46,Winger,low,"CHANGE proposed at low confidence , unresolved",737 fringe min at Lyon; wide in cameos,batch_02_verified.csv
1243,132880,T. Souček,1920,PL,CAM,57,CDM,medium,"CHANGE proposed at medium confidence , unresolved",Feb arrival straight into Moyes's double pivot beside Rice,batch_02_verified.csv
49921,182836,A. Büyük,2021,TR,CAM,78,ST,medium,"CHANGE proposed at medium confidence , unresolved",Adem Buyuk: veteran centre-forward; 17-goal Super Lig season as Malatyaspor's 9,batch_02_verified.csv
25467,153890,B. Raman,1819,BL,CAM,78,Winger,low,"CHANGE proposed at low confidence , unresolved","Fortuna's quick wide forward (LW/ST share) - plurality wide, thin data",batch_02_verified.csv
36905,172451,G. Til,1718,ERE,CAM,71,CM,medium,"CHANGE proposed at medium confidence , unresolved",AZ box-to-box/advanced 8,batch_02_verified.csv
36905,172082,G. Til,1819,ERE,CAM,77,CM,medium,"CHANGE proposed at medium confidence , unresolved",AZ advanced 8; 12-goal box-crashing season,batch_02_verified.csv
22235,160630,J. Bamba,1617,L1,CAM,52,Winger,low,"CHANGE proposed at low confidence , unresolved",834 fringe minutes at Angers; wide in cameos,batch_02_verified.csv
22235,160200,J. Bamba,1718,L1,CAM,72,Winger,medium,"CHANGE proposed at medium confidence , unresolved",Saint-Etienne LW,batch_02_verified.csv
22235,158491,J. Bamba,2122,L1,CAM,44,Winger,medium,"CHANGE proposed at medium confidence , unresolved",LW under Gourvennec,batch_02_verified.csv
22235,158086,J. Bamba,2223,L1,CAM,68,Winger,medium,"CHANGE proposed at medium confidence , unresolved",LW/left AM under Fonseca,batch_02_verified.csv
2913,160351,Kwon Chang-Hoon,1718,L1,CAM,78,Winger,low,"CHANGE proposed at low confidence , unresolved","Dijon: wide-left/AM rotation - plurality wide, thin data",batch_02_verified.csv
25297,154078,M. Gregoritsch,1718,BL,CAM,78,ST,low,"CHANGE proposed at low confidence , unresolved","Augsburg: tall forward used CF/left - CF plurality, thin data",batch_02_verified.csv
25297,153710,M. Gregoritsch,1819,BL,CAM,61,ST,low,"CHANGE proposed at low confidence , unresolved",CF/LW/AM rotation - thin,batch_02_verified.csv
3246,160844,N. Pépé,1617,L1,CAM,46,Winger,low,"CHANGE proposed at low confidence , unresolved",1309 rotation minutes as a young wide forward at Angers,batch_02_verified.csv
3246,160419,N. Pépé,1718,L1,CAM,78,Winger,medium,"CHANGE proposed at medium confidence , unresolved",Lille: RW (some CF under Bielsa's early-season experiments),batch_02_verified.csv
3246,132356,N. Pépé,2122,PL,CAM,45,Winger,low,"CHANGE proposed at low confidence , unresolved",697 fringe min; RW in cameos,batch_02_verified.csv
3246,181806,N. Pépé,2324,TR,CAM,56,Winger,low,"CHANGE proposed at low confidence , unresolved",1128 min at Trabzonspor; RW when used,batch_02_verified.csv
510,154193,S. Gnabry,1718,BL,CAM,78,Winger,low,"CHANGE proposed at low confidence , unresolved","Nagelsmann's 3-4-3/3-5-2: rotated wing, wing-back and second striker - wide plurality, no clean majority",batch_02_verified.csv
510,153096,S. Gnabry,2021,BL,CAM,70,Winger,medium,"CHANGE proposed at medium confidence , unresolved",Flick: RW/LW in an injury/rotation season (1652 min),batch_02_verified.csv
744,138045,Brahim Díaz,2324,LL,CAM,77,Winger,low,"CHANGE proposed at low confidence , unresolved","Ancelotti: RW starts plus AM cover for Bellingham - wide plurality, close call",batch_02_verified.csv
8965,177032,F. Selemani,2021,BPL,CAM,69,Winger,low,"CHANGE proposed at low confidence , unresolved",Kortrijk's wide forward per Belgian league coverage,batch_02_verified.csv
8965,176613,F. Selemani,2122,BPL,CAM,77,Winger,medium,"CHANGE proposed at medium confidence , unresolved",Kortrijk's main wide attacker; 13-goal season,batch_02_verified.csv
8965,176231,F. Selemani,2223,BPL,CAM,65,Winger,low,"CHANGE proposed at low confidence , unresolved",Same wide role; 2058 min,batch_02_verified.csv
30543,145912,G. Raspadori,2122,SA,CAM,77,ST,low,"CHANGE proposed at low confidence , unresolved","Dionisi: second striker off Scamacca with wide-left spells - forward plurality, close call",batch_02_verified.csv
49857,183584,İ. Kahveci,1819,TR,CAM,57,CM,low,"CHANGE proposed at low confidence , unresolved","Buruk's midfield: 8/AM hybrid - central plurality, thin split data",batch_02_verified.csv
49857,183217,İ. Kahveci,1920,TR,CAM,54,CM,low,"CHANGE proposed at low confidence , unresolved",Same 8/AM hybrid in the title-winning squad,batch_02_verified.csv
900,134054,J. Lingard,1617,PL,CAM,52,Winger,low,"CHANGE proposed at low confidence , unresolved","1367 rotation minutes, mostly right-sided under Mourinho",batch_02_verified.csv
37156,172351,J. Toornstra,1718,ERE,CAM,77,CM,medium,"CHANGE proposed at medium confidence , unresolved",Continuity of the El Ahmadi-Toornstra-Vilhena midfield three post-title,batch_02_verified.csv
983,153823,L. Bailey,1819,BL,CAM,56,Winger,medium,"CHANGE proposed at medium confidence , unresolved",LW; reduced impact,batch_02_verified.csv
983,153442,L. Bailey,1920,BL,CAM,63,Winger,low,"CHANGE proposed at low confidence , unresolved",1093 min; wide rotation,batch_02_verified.csv
897,132142,M. Greenwood,2122,PL,CAM,61,Winger,medium,"CHANGE proposed at medium confidence , unresolved",RW until Jan (1281 min),batch_02_verified.csv
50180,184202,S. Gürler,1718,TR,CAM,77,Winger,low,"CHANGE proposed at low confidence , unresolved",Serdar Gurler: right winger by Turkish league records; 12-goal Osmanlispor/Ankaraspor season,batch_02_verified.csv
18805,134116,A. Doucouré,1617,PL,CAM,38,CM,low,"CHANGE proposed at low confidence , unresolved",1358 min settling-in season in the Watford engine room,batch_02_verified.csv
18805,132981,A. Doucouré,1920,PL,CAM,64,CM,medium,"CHANGE proposed at medium confidence , unresolved",Same box-to-box role; 3166 min,batch_02_verified.csv
47500,145941,D. Verde,2122,SA,CAM,76,Winger,low,"CHANGE proposed at low confidence , unresolved",Spezia wide forward (L/R) under Motta,batch_02_verified.csv
30437,146417,M. Barrow,2021,SA,CAM,76,Winger,medium,"CHANGE proposed at medium confidence , unresolved",Mihajlovic's Bologna: left wing/wide forward,batch_02_verified.csv
26,153940,M. Wolf,1718,BL,CAM,76,Winger,low,"CHANGE proposed at low confidence , unresolved","Kovac's 3-4-2-1: right wing AND right wing-back - wide-right plurality across roles, no clean bucket majority",batch_02_verified.csv
26,153197,M. Wolf,1920,BL,CAM,36,FB,low,"CHANGE proposed at low confidence , unresolved","Hertha loan: used at right-back/right-mid - RB plurality, thin data",batch_02_verified.csv
47447,141144,P. Sisto,1617,LL,CAM,56,Winger,medium,"CHANGE proposed at medium confidence , unresolved",Celta LW under Berizzo,batch_02_verified.csv
47447,140714,P. Sisto,1718,LL,CAM,76,Winger,medium,"CHANGE proposed at medium confidence , unresolved",Celta LW; 5G/9A season,batch_02_verified.csv
47447,140266,P. Sisto,1819,LL,CAM,47,Winger,low,"CHANGE proposed at low confidence , unresolved",844 min; LW rotation,batch_02_verified.csv
53,140932,Á. Correa,1617,LL,CAM,73,Winger,low,"CHANGE proposed at low confidence , unresolved","Simeone 4-4-2: right-mid/second-striker hybrid - wide plurality, rotation-heavy 1213 min",batch_02_verified.csv
53,140473,Á. Correa,1718,LL,CAM,75,Winger,low,"CHANGE proposed at low confidence , unresolved",Same RM/SS hybrid; no clean bucket majority,batch_02_verified.csv
53,140053,Á. Correa,1819,LL,CAM,54,Winger,low,"CHANGE proposed at low confidence , unresolved",Same hybrid role,batch_02_verified.csv
194880,182731,A. Ndao,2021,TR,CAM,75,Winger,low,"CHANGE proposed at low confidence , unresolved",Karagumruk wide forward (RW) per Turkish league coverage; 11G/9A,batch_02_verified.csv
1096,152296,D. Szoboszlai,2223,BL,CAM,75,Winger,medium,"CHANGE proposed at medium confidence , unresolved",Rose's Leipzig: right-attacking role in 4-2-2-2/4-4-2 - RW plurality with AM share,batch_02_verified.csv
49852,184308,Eljero George Rinaldo Elia,1718,TR,CAM,61,Winger,medium,"CHANGE proposed at medium confidence , unresolved",Basaksehir LW,batch_02_verified.csv
127769,132797,Gabriel Martinelli,1920,PL,CAM,49,Winger,low,"CHANGE proposed at low confidence , unresolved",656 league min; LW/CF cameos in breakout year - wide plurality,batch_03_verified.csv
127769,132385,Gabriel Martinelli,2021,PL,CAM,47,Winger,low,"CHANGE proposed at low confidence , unresolved",588 injury-hit min; LW when used,batch_03_verified.csv
49950,184653,J. Fernándes,1617,TR,CAM,64,Winger,low,"CHANGE proposed at low confidence , unresolved",Junior Fernandes: wide forward per Turkish league records (1186 min),batch_03_verified.csv
49950,184264,J. Fernándes,1718,TR,CAM,75,Winger,low,"CHANGE proposed at low confidence , unresolved","Alanyaspor wide forward; 10-goal season, thin per-season split data",batch_03_verified.csv
49950,183502,J. Fernándes,1920,TR,CAM,73,Winger,low,"CHANGE proposed at low confidence , unresolved",Same wide role,batch_03_verified.csv
307,133534,X. Shaqiri,1819,PL,CAM,75,Winger,low,"CHANGE proposed at low confidence , unresolved","1058 rotation min: RW plus midfield-diamond experiments - wide plurality, no clean majority",batch_03_verified.csv
2722,182505,A. El Kaabi,2122,TR,CAM,74,ST,medium,"CHANGE proposed at medium confidence , unresolved",El Kaabi: out-and-out CF; 15-goal season,batch_03_verified.csv
2722,182084,A. El Kaabi,2223,TR,CAM,64,ST,medium,"CHANGE proposed at medium confidence , unresolved",Same CF role,batch_03_verified.csv
2459,140977,D. Machís,1617,LL,CAM,48,Winger,low,"CHANGE proposed at low confidence , unresolved",Leganes LW rotation (1046 min),batch_03_verified.csv
2459,139689,D. Machís,1920,LL,CAM,74,Winger,medium,"CHANGE proposed at medium confidence , unresolved",Granada's LW under Diego Martinez,batch_03_verified.csv
2459,139247,D. Machís,2021,LL,CAM,65,Winger,medium,"CHANGE proposed at medium confidence , unresolved",Same LW role in the Europa League season,batch_03_verified.csv
2459,138805,D. Machís,2122,LL,CAM,56,Winger,low,"CHANGE proposed at low confidence , unresolved",LW; 1379 min,batch_03_verified.csv
2459,138345,D. Machís,2223,LL,CAM,26,Winger,low,"CHANGE proposed at low confidence , unresolved",599 min at Valladolid; wide in cameos,batch_03_verified.csv
41113,167049,Fábio Martins,1617,PRT,CAM,58,Winger,low,"CHANGE proposed at low confidence , unresolved",Chaves: wide-left attacking role per Portuguese records,batch_03_verified.csv
41113,166655,Fábio Martins,1718,PRT,CAM,62,Winger,low,"CHANGE proposed at low confidence , unresolved",1113 rotation min at Braga; wide attacking role,batch_03_verified.csv
41113,165827,Fábio Martins,1920,PRT,CAM,74,Winger,low,"CHANGE proposed at low confidence , unresolved","Famalicao's wide-left creator (12 goals) - LW/AM split, thin data",batch_03_verified.csv
1463,132426,J. Willock,2021,PL,CAM,74,CM,medium,"CHANGE proposed at medium confidence , unresolved",Jan loan: arriving no.8 - the famous 8-goal late-run streak from midfield,batch_03_verified.csv
1463,132034,J. Willock,2122,PL,CAM,48,CM,medium,"CHANGE proposed at medium confidence , unresolved",Same arriving-8 role under Howe/Bruce,batch_03_verified.csv
2489,165998,L. Díaz,1920,PRT,CAM,57,Winger,medium,"CHANGE proposed at medium confidence , unresolved",Porto LW,batch_03_verified.csv
2489,165606,L. Díaz,2021,PRT,CAM,62,Winger,medium,"CHANGE proposed at medium confidence , unresolved",Fixed LW,batch_03_verified.csv
1697,132648,Pablo Fornals,2021,PL,CAM,73,Winger,low,"CHANGE proposed at low confidence , unresolved",Mostly left of Moyes's attacking trio (nominal LW tucking in) - boundary case,batch_03_verified.csv
1697,132247,Pablo Fornals,2122,PL,CAM,74,Winger,low,"CHANGE proposed at low confidence , unresolved",Same left-of-trio role; 2804 min - boundary case,batch_03_verified.csv
41103,165841,Ricardo Horta,1920,PRT,CAM,74,Winger,medium,"CHANGE proposed at medium confidence , unresolved",Braga: left wing/left forward (12 goals),batch_03_verified.csv
20617,152843,S. Katompa Mvumpa,2021,BL,CAM,74,Winger,medium,"CHANGE proposed at medium confidence , unresolved",Silas: right wing/wide forward; 11-goal season,batch_03_verified.csv
2206,159661,B. Bourigeaud,1819,L1,CAM,73,CM,low,"CHANGE proposed at low confidence , unresolved",Rennes: central/right mid and set-piece taker - central plurality,batch_03_verified.csv
421,153371,B. Embolo,1920,BL,CAM,73,ST,low,"CHANGE proposed at low confidence , unresolved","Rose rotation across the front three - CF plurality, close",batch_03_verified.csv
519,154104,C. Tolisso,1718,BL,CAM,73,CM,medium,"CHANGE proposed at medium confidence , unresolved",No.8 in Heynckes's midfield (1527 min),batch_03_verified.csv
2218,160722,I. Sarr,1617,L1,CAM,53,Winger,medium,"CHANGE proposed at medium confidence , unresolved",Metz breakout RW,batch_03_verified.csv
2218,160294,I. Sarr,1718,L1,CAM,59,Winger,medium,"CHANGE proposed at medium confidence , unresolved",Rennes RW,batch_03_verified.csv
2218,159871,I. Sarr,1819,L1,CAM,73,Winger,medium,"CHANGE proposed at medium confidence , unresolved",Rennes RW; Europa League run season,batch_03_verified.csv
2218,131996,I. Sarr,2122,PL,CAM,62,Winger,medium,"CHANGE proposed at medium confidence , unresolved",RW in the relegation season,batch_03_verified.csv
25307,153968,M. Richter,1718,BL,CAM,36,Winger,low,"CHANGE proposed at low confidence , unresolved",598 fringe min; wide in cameos,batch_03_verified.csv
25307,153614,M. Richter,1819,BL,CAM,73,Winger,low,"CHANGE proposed at low confidence , unresolved",Augsburg wide forward rotation,batch_03_verified.csv
25307,153242,M. Richter,1920,BL,CAM,64,Winger,medium,"CHANGE proposed at medium confidence , unresolved",RW/wide forward plurality (2288 min),batch_03_verified.csv
25307,152498,M. Richter,2122,BL,CAM,63,Winger,low,"CHANGE proposed at low confidence , unresolved",Hertha: wide/AM rotation - wide plurality,batch_03_verified.csv
1914,160305,M. Sanson,1718,L1,CAM,73,CM,low,"CHANGE proposed at low confidence , unresolved","Marseille box-to-box 8 with a 10 share - central plurality, 9-goal season",batch_03_verified.csv
1914,159088,M. Sanson,2021,L1,CAM,58,CM,low,"CHANGE proposed at low confidence , unresolved",829 min before Jan exit; same central role,batch_03_verified.csv
50464,183395,M. Thiam,1920,TR,CAM,73,ST,low,"CHANGE proposed at low confidence , unresolved","Kasimpasa forward (11 goals) - CF plurality with wide share, thin data",batch_03_verified.csv
37160,171045,S. Berghuis,2122,ERE,CAM,73,CM,low,"CHANGE proposed at low confidence , unresolved","Began RW, converted to the right 8 as Antony claimed the wing - near split, central plurality",batch_03_verified.csv
20649,159077,Y. Wissa,2021,L1,CAM,73,ST,low,"CHANGE proposed at low confidence , unresolved","Lorient: CF/left-forward split - CF plurality, 10-goal season",batch_03_verified.csv
2924,140721,A. Januzaj,1718,LL,CAM,72,Winger,medium,"CHANGE proposed at medium confidence , unresolved",Real Sociedad RW,batch_03_verified.csv
35533,183156,E. Valencia,2021,TR,CAM,72,ST,low,"CHANGE proposed at low confidence , unresolved",Fener: CF/second-striker plurality with wide rotation - close,batch_03_verified.csv
30453,148095,J. Jankto,1617,SA,CAM,72,CM,low,"CHANGE proposed at low confidence , unresolved",Udinese: left-sided interior/box-to-box - CM/LM boundary,batch_03_verified.csv
50018,184343,Ö. Şahiner,1617,TR,CAM,65,Winger,low,"CHANGE proposed at low confidence , unresolved",Sahiner: right winger per Turkish league records,batch_03_verified.csv
50018,183563,Ö. Şahiner,1819,TR,CAM,72,Winger,low,"CHANGE proposed at low confidence , unresolved",Same RW role; 8-goal season,batch_03_verified.csv
22169,160675,W. Cyprien,1617,L1,CAM,72,CM,medium,"CHANGE proposed at medium confidence , unresolved",Nice's box-to-box 8 beside Seri; 8-goal season,batch_03_verified.csv
2926,178538,Y. Tielemans,1617,BPL,CAM,72,CM,medium,"CHANGE proposed at medium confidence , unresolved",Anderlecht's deep-lying/advanced 8 in his POTY season (13 goals incl. pens),batch_03_verified.csv
30510,139262,Álex Berenguer,2021,LL,CAM,71,Winger,medium,"CHANGE proposed at medium confidence , unresolved",Athletic's LW,batch_03_verified.csv
30510,138809,Álex Berenguer,2122,LL,CAM,60,Winger,medium,"CHANGE proposed at medium confidence , unresolved",LW,batch_03_verified.csv
30510,138363,Álex Berenguer,2223,LL,CAM,50,Winger,medium,"CHANGE proposed at medium confidence , unresolved",LW,batch_03_verified.csv
30510,137926,Álex Berenguer,2324,LL,CAM,67,Winger,medium,"CHANGE proposed at medium confidence , unresolved",LW (Nico Williams on the right),batch_03_verified.csv
30510,137514,Álex Berenguer,2425,LL,CAM,69,Winger,medium,"CHANGE proposed at medium confidence , unresolved",LW,batch_03_verified.csv
272726,170836,D. Rots,2122,ERE,CAM,49,Winger,low,"CHANGE proposed at low confidence , unresolved",Twente's young RW (1725 min),batch_04_verified.csv
272726,170059,D. Rots,2324,ERE,CAM,71,Winger,medium,"CHANGE proposed at medium confidence , unresolved",Twente's fixed RW; 7G/10A,batch_04_verified.csv
272726,169674,D. Rots,2425,ERE,CAM,56,Winger,low,"CHANGE proposed at low confidence , unresolved",Same RW role,batch_04_verified.csv
272726,169386,D. Rots,2526,ERE,CAM,67,Winger,low,"CHANGE proposed at low confidence , unresolved",RW through the autumn; spring half beyond reliable coverage here,batch_04_verified.csv
389,167044,J. Corona,1617,PRT,CAM,64,Winger,medium,"CHANGE proposed at medium confidence , unresolved",Porto RW,batch_04_verified.csv
389,166634,J. Corona,1718,PRT,CAM,60,Winger,medium,"CHANGE proposed at medium confidence , unresolved",RW with growing wing-back use under Conceicao,batch_04_verified.csv
389,166243,J. Corona,1819,PRT,CAM,71,Winger,medium,"CHANGE proposed at medium confidence , unresolved",RW; some right wing-back,batch_04_verified.csv
389,165801,J. Corona,1920,PRT,CAM,71,Winger,medium,"CHANGE proposed at medium confidence , unresolved","League POTY season: right wing plurality with right wing-back share (Wikipedia/season coverage, verified) - 11 assists",batch_04_verified.csv
2781,159299,M. Simon,1920,L1,CAM,64,Winger,medium,"CHANGE proposed at medium confidence , unresolved",Nantes LW,batch_04_verified.csv
2781,158436,M. Simon,2122,L1,CAM,71,Winger,medium,"CHANGE proposed at medium confidence , unresolved",Fixed LW; cup-winning season,batch_04_verified.csv
6066,182531,M. Vargas,2122,TR,CAM,71,Winger,low,"CHANGE proposed at low confidence , unresolved","Vargas: wide forward (L/R); 13-assist season, thin split data",batch_04_verified.csv
935,132206,Rodrigo,2122,PL,CAM,62,ST,low,"CHANGE proposed at low confidence , unresolved","Led the line more with Bamford injured - CF plurality, close",batch_04_verified.csv
785,184335,C. Ünder,1617,TR,CAM,66,Winger,medium,"CHANGE proposed at medium confidence , unresolved",Basaksehir RW before Roma move,batch_04_verified.csv
785,147840,C. Ünder,1718,SA,CAM,67,Winger,medium,"CHANGE proposed at medium confidence , unresolved",Roma RW (1255 min),batch_04_verified.csv
785,147409,C. Ünder,1819,SA,CAM,70,Winger,medium,"CHANGE proposed at medium confidence , unresolved",RW,batch_04_verified.csv
785,146988,C. Ünder,1920,SA,CAM,46,Winger,low,"CHANGE proposed at low confidence , unresolved",887 injury-hit min; RW when used,batch_04_verified.csv
785,181424,C. Ünder,2324,TR,CAM,66,Winger,low,"CHANGE proposed at low confidence , unresolved",1046 rotation min at Fener; RW,batch_04_verified.csv
864,134342,E. Can,1617,PL,CAM,70,CM,medium,"CHANGE proposed at medium confidence , unresolved",Klopp's 8 (some 6); 2368 min,batch_04_verified.csv
46892,140507,Ivi López,1718,LL,CAM,70,Winger,low,"CHANGE proposed at low confidence , unresolved",Levante wide-left forward (1757 min),batch_04_verified.csv
19192,132436,J. Ramsey,2021,PL,CAM,23,CM,low,"CHANGE proposed at low confidence , unresolved",618 min of academy-graduate cameos as a young 8,batch_04_verified.csv
19192,132041,J. Ramsey,2122,PL,CAM,70,CM,medium,"CHANGE proposed at medium confidence , unresolved",Advanced left 8 under Smith/Gerrard; 6-goal breakout,batch_04_verified.csv
128582,139138,Jorge de Frutos,2021,LL,CAM,70,Winger,medium,"CHANGE proposed at medium confidence , unresolved",Levante RW; 9 assists,batch_04_verified.csv
128582,138667,Jorge de Frutos,2122,LL,CAM,67,Winger,medium,"CHANGE proposed at medium confidence , unresolved",RW,batch_04_verified.csv
128582,137768,Jorge de Frutos,2324,LL,CAM,37,Winger,low,"CHANGE proposed at low confidence , unresolved",Rayo wide rotation (1540 min),batch_04_verified.csv
128582,137352,Jorge de Frutos,2425,LL,CAM,61,Winger,medium,"CHANGE proposed at medium confidence , unresolved",Rayo RW under Inigo Perez,batch_04_verified.csv
18830,134331,M. Arnautović,1617,PL,CAM,70,Winger,medium,"CHANGE proposed at medium confidence , unresolved",Stoke wide-left forward,batch_04_verified.csv
3244,160352,M. Gradel,1718,L1,CAM,70,Winger,medium,"CHANGE proposed at medium confidence , unresolved",Toulouse wide man (L/R); club's main attacker,batch_04_verified.csv
2958,160563,N. Sliti,1617,L1,CAM,34,Winger,low,"CHANGE proposed at low confidence , unresolved",953 rotation min at Lille; wide when used,batch_04_verified.csv
2958,160118,N. Sliti,1718,L1,CAM,70,Winger,low,"CHANGE proposed at low confidence , unresolved",Dijon: LW/AM split - wide plurality,batch_04_verified.csv
2958,159662,N. Sliti,1819,L1,CAM,55,Winger,low,"CHANGE proposed at low confidence , unresolved",Same LW/AM profile,batch_04_verified.csv
22170,160755,P. Lees-Melou,1617,L1,CAM,69,CM,medium,"CHANGE proposed at medium confidence , unresolved",Dijon box-to-box 8,batch_04_verified.csv
22170,160347,P. Lees-Melou,1718,L1,CAM,70,CM,medium,"CHANGE proposed at medium confidence , unresolved",Favre's Nice: central mid (2897 min),batch_04_verified.csv
22170,159907,P. Lees-Melou,1819,L1,CAM,49,CM,medium,"CHANGE proposed at medium confidence , unresolved",Same central role,batch_04_verified.csv
22097,160697,A. Nordin,1617,L1,CAM,37,Winger,low,"CHANGE proposed at low confidence , unresolved",601 fringe min; wide in cameos,batch_04_verified.csv
22097,159848,A. Nordin,1819,L1,CAM,49,Winger,low,"CHANGE proposed at low confidence , unresolved",ASSE wide rotation (1046 min),batch_04_verified.csv
22097,159429,A. Nordin,1920,L1,CAM,30,Winger,low,"CHANGE proposed at low confidence , unresolved",904 min; wide rotation,batch_04_verified.csv
22097,159034,A. Nordin,2021,L1,CAM,59,Winger,low,"CHANGE proposed at low confidence , unresolved",ASSE wide forward,batch_04_verified.csv
22097,158597,A. Nordin,2122,L1,CAM,59,Winger,low,"CHANGE proposed at low confidence , unresolved",Same wide role,batch_04_verified.csv
22097,158173,A. Nordin,2223,L1,CAM,69,Winger,low,"CHANGE proposed at low confidence , unresolved","Montpellier: wide forward/second striker - wide plurality, 9 goals",batch_04_verified.csv
22097,157759,A. Nordin,2324,L1,CAM,62,Winger,low,"CHANGE proposed at low confidence , unresolved",Wide rotation (1253 min),batch_04_verified.csv
22097,157384,A. Nordin,2425,L1,CAM,52,Winger,low,"CHANGE proposed at low confidence , unresolved",Wide rotation (1171 min),batch_04_verified.csv
10135,132023,Bruno Guimarães,2122,PL,CAM,69,CM,medium,"CHANGE proposed at medium confidence , unresolved",Jan arrival: box-to-box 8 in Howe's midfield (1032 min),batch_04_verified.csv
17,154579,C. Pulišić,1617,BL,CAM,69,Winger,medium,"CHANGE proposed at medium confidence , unresolved",BVB wide L/R as a teenager (1515 min),batch_04_verified.csv
17,154190,C. Pulišić,1718,BL,CAM,69,Winger,medium,"CHANGE proposed at medium confidence , unresolved",Wide L/R under Bosz/Stoger,batch_04_verified.csv
50126,183969,D. Türüç,1718,TR,CAM,69,Winger,low,"CHANGE proposed at low confidence , unresolved",Turuc: wide man/set-piece taker per Turkish records - wide plurality,batch_04_verified.csv
93990,172924,Dirk Kuijt,1617,ERE,CAM,69,ST,low,"CHANGE proposed at low confidence , unresolved",Farewell title season rotated across CF/RW (plus CM cameos); CF plurality likely but not citable per-game,batch_04_verified.csv
25638,152826,F. Neuhaus,2021,BL,CAM,69,CM,medium,"CHANGE proposed at medium confidence , unresolved","Rose's Gladbach: central mid (8/10 hybrid, central plurality)",batch_04_verified.csv
50610,183487,G. Sio,1920,TR,CAM,69,ST,low,"CHANGE proposed at low confidence , unresolved",Sio: veteran CF; 10-goal season,batch_04_verified.csv
50610,183090,G. Sio,2021,TR,CAM,39,ST,low,"CHANGE proposed at low confidence , unresolved",Same CF role (1275 min),batch_04_verified.csv
41197,166261,Galeno,1819,PRT,CAM,60,Winger,low,"CHANGE proposed at low confidence , unresolved",Rio Ave loan: LW,batch_04_verified.csv
41197,165831,Galeno,1920,PRT,CAM,62,Winger,low,"CHANGE proposed at low confidence , unresolved",Braga LW (1494 min),batch_04_verified.csv
41197,165430,Galeno,2021,PRT,CAM,47,Winger,medium,"CHANGE proposed at medium confidence , unresolved",Braga's fixed LW,batch_04_verified.csv
41197,164230,Galeno,2324,PRT,CAM,69,Winger,medium,"CHANGE proposed at medium confidence , unresolved",Porto's fixed LW,batch_04_verified.csv
41197,163779,Galeno,2425,PRT,CAM,58,Winger,medium,"CHANGE proposed at medium confidence , unresolved",Porto LW (1451 min),batch_04_verified.csv
44406,166901,Héldon Augusto Almeida Ramos,1617,PRT,CAM,49,Winger,low,"CHANGE proposed at low confidence , unresolved",Heldon: wide forward per Portuguese records,batch_04_verified.csv
44406,166501,Héldon Augusto Almeida Ramos,1718,PRT,CAM,69,Winger,low,"CHANGE proposed at low confidence , unresolved",Same wide role at Guimaraes,batch_04_verified.csv
81,176966,K. Diatta,2021,BPL,CAM,69,Winger,medium,"CHANGE proposed at medium confidence , unresolved",Brugge RW until Jan Monaco move (1504 min),batch_04_verified.csv
38130,172296,M. Mahi,1718,ERE,CAM,65,Winger,medium,"CHANGE proposed at medium confidence , unresolved","Groningen LW (TM main position: Left Winger, verified earlier)",batch_04_verified.csv
38130,171931,M. Mahi,1819,ERE,CAM,69,Winger,medium,"CHANGE proposed at medium confidence , unresolved",Same LW role,batch_04_verified.csv
38130,170774,M. Mahi,2122,ERE,CAM,57,Winger,low,"CHANGE proposed at low confidence , unresolved",879 rotation min at Utrecht; wide when used,batch_04_verified.csv
53659,167189,Miguel Cardoso,1617,PRT,CAM,45,Winger,low,"CHANGE proposed at low confidence , unresolved",Tondela wide forward per Portuguese records,batch_04_verified.csv
53659,166800,Miguel Cardoso,1718,PRT,CAM,69,Winger,low,"CHANGE proposed at low confidence , unresolved",Same wide role; 8-goal season,batch_04_verified.csv
53659,182315,Miguel Cardoso,2122,TR,CAM,52,Winger,low,"CHANGE proposed at low confidence , unresolved",Kayserispor wide forward (1248 min),batch_04_verified.csv
53659,181929,Miguel Cardoso,2223,TR,CAM,65,Winger,low,"CHANGE proposed at low confidence , unresolved",Same wide role,batch_04_verified.csv
53659,181528,Miguel Cardoso,2324,TR,CAM,51,Winger,low,"CHANGE proposed at low confidence , unresolved",Same wide role; 7 assists,batch_04_verified.csv
53659,181155,Miguel Cardoso,2425,TR,CAM,68,Winger,low,"CHANGE proposed at low confidence , unresolved",Same wide role; 8G/7A,batch_04_verified.csv
21451,159651,R. Ripart,1819,L1,CAM,69,Winger,low,"CHANGE proposed at low confidence , unresolved",Nimes: right-sided forward per French records - wide plurality,batch_04_verified.csv
25352,154592,Salomon Armand Magloire Kalou,1617,BL,CAM,69,Winger,low,"CHANGE proposed at low confidence , unresolved",Hertha: wide-left forward with CF share - wide plurality,batch_04_verified.csv
3430,183463,C. Ekuban,1920,TR,CAM,56,ST,low,"CHANGE proposed at low confidence , unresolved",Trabzonspor forward rotation (1151 min),batch_04_verified.csv
3430,183067,C. Ekuban,2021,TR,CAM,68,ST,low,"CHANGE proposed at low confidence , unresolved","CF/wide-left split post-Sorloth - CF plurality, 10 goals",batch_04_verified.csv
31615,146385,G. Castrovilli,2021,SA,CAM,68,CM,medium,"CHANGE proposed at medium confidence , unresolved",Fiorentina mezzala (8) under Iachini/Prandelli,batch_04_verified.csv
47473,140389,Jason,1718,LL,CAM,52,Winger,low,"CHANGE proposed at low confidence , unresolved",Levante RW (1793 min),batch_04_verified.csv
47473,139934,Jason,1819,LL,CAM,68,Winger,low,"CHANGE proposed at low confidence , unresolved",Same RW role,batch_04_verified.csv
33255,184678,Ł. Podolski,1617,TR,CAM,68,ST,low,"CHANGE proposed at low confidence , unresolved",Galatasaray: CF plurality with LW share (7 goals) - close,batch_04_verified.csv
50097,183178,M. Yandaş,1920,TR,CAM,68,CM,low,"CHANGE proposed at low confidence , unresolved",Sivasspor captain: 8/10 hybrid - central plurality per Turkish records,batch_04_verified.csv
50940,166415,Nani,1819,PRT,CAM,68,Winger,medium,"CHANGE proposed at medium confidence , unresolved",Sporting return: LW (1350 min),batch_05_verified.csv
25644,153294,P. Herrmann,1920,BL,CAM,68,Winger,medium,"CHANGE proposed at medium confidence , unresolved",Gladbach's veteran RW,batch_05_verified.csv
22095,160440,R. Hamouma,1617,L1,CAM,68,Winger,medium,"CHANGE proposed at medium confidence , unresolved",ASSE wide forward (L/R),batch_05_verified.csv
30488,146210,R. Orsolini,2021,SA,CAM,68,Winger,medium,"CHANGE proposed at medium confidence , unresolved",Bologna's RW,batch_05_verified.csv
50205,184370,S. Eduok,1617,TR,CAM,61,Winger,low,"CHANGE proposed at low confidence , unresolved",Eduok: LW per Turkish league records,batch_05_verified.csv
50205,184312,S. Eduok,1718,TR,CAM,68,Winger,low,"CHANGE proposed at low confidence , unresolved",Same LW role; 7 goals,batch_05_verified.csv
879,159484,S. Mavididi,1920,L1,CAM,57,Winger,low,"CHANGE proposed at low confidence , unresolved",Dijon LW (1393 min),batch_05_verified.csv
879,158667,S. Mavididi,2122,L1,CAM,68,Winger,medium,"CHANGE proposed at medium confidence , unresolved",Montpellier's LW; 8 goals,batch_05_verified.csv
879,158223,S. Mavididi,2223,L1,CAM,55,Winger,low,"CHANGE proposed at low confidence , unresolved",LW (1284 min),batch_05_verified.csv
879,131037,S. Mavididi,2425,PL,CAM,55,Winger,medium,"CHANGE proposed at medium confidence , unresolved",Leicester LW,batch_05_verified.csv
41112,166005,Trincão,1920,PRT,CAM,68,Winger,medium,"CHANGE proposed at medium confidence , unresolved",Braga RW before Barcelona move,batch_05_verified.csv
20633,160533,J. Cabot,1617,L1,CAM,67,Winger,low,"CHANGE proposed at low confidence , unresolved",Lorient RW (1269 min); pre-dates his wing-back conversion,batch_05_verified.csv
976,153921,K. Bellarabi,1718,BL,CAM,46,Winger,low,"CHANGE proposed at low confidence , unresolved",Injury-hit 1143 min; RW when fit,batch_05_verified.csv
976,153549,K. Bellarabi,1819,BL,CAM,67,Winger,medium,"CHANGE proposed at medium confidence , unresolved",Leverkusen RW (1060 min),batch_05_verified.csv
976,153163,K. Bellarabi,1920,BL,CAM,63,Winger,medium,"CHANGE proposed at medium confidence , unresolved",RW rotation (1426 min),batch_05_verified.csv
976,152767,K. Bellarabi,2021,BL,CAM,21,Winger,low,"CHANGE proposed at low confidence , unresolved",789 fringe min; RW,batch_05_verified.csv
976,152381,K. Bellarabi,2122,BL,CAM,53,Winger,low,"CHANGE proposed at low confidence , unresolved",685 fringe min; RW,batch_05_verified.csv
30480,148127,Ladislav Krejčí I,1617,SA,CAM,67,Winger,medium,"CHANGE proposed at medium confidence , unresolved","The elder Krejci (winger, b.1992 - file's 'I' suffix + ID): Bologna LW, 8 assists",batch_05_verified.csv
1910,160669,M. Lopez,1617,L1,CAM,67,CM,medium,"CHANGE proposed at medium confidence , unresolved",Marseille's teenage deep playmaker/8,batch_05_verified.csv
1910,160232,M. Lopez,1718,L1,CAM,33,CM,low,"CHANGE proposed at low confidence , unresolved","Reduced role (1372 min), same central profile",batch_05_verified.csv
1910,159786,M. Lopez,1819,L1,CAM,53,CM,medium,"CHANGE proposed at medium confidence , unresolved",Central mid (2186 min),batch_05_verified.csv
1910,159399,M. Lopez,1920,L1,CAM,48,CM,low,"CHANGE proposed at low confidence , unresolved",1109 rotation min,batch_05_verified.csv
126642,152413,P. Wimmer,2122,BL,CAM,67,Winger,low,"CHANGE proposed at low confidence , unresolved",Bielefeld: wide L/R attacking role - wide plurality,batch_05_verified.csv
48471,153368,R. Vargas,1920,BL,CAM,65,Winger,medium,"CHANGE proposed at medium confidence , unresolved",Augsburg LW,batch_05_verified.csv
48471,152979,R. Vargas,2021,BL,CAM,67,Winger,medium,"CHANGE proposed at medium confidence , unresolved",Same LW role,batch_05_verified.csv
3424,183016,B. Mensah,2021,TR,CAM,56,CM,low,"CHANGE proposed at low confidence , unresolved",Besiktas title season: central-midfield plurality beside Atiba/Souza,batch_05_verified.csv
451,184568,B. Ndiaye,1617,TR,CAM,66,CM,medium,"CHANGE proposed at medium confidence , unresolved",Badou Ndiaye (by ID/club): Osmanlispor's box-to-box CM; earned the Stoke move in that role,batch_05_verified.csv
51045,182342,D. Rossi,2122,TR,CAM,66,Winger,low,"CHANGE proposed at low confidence , unresolved",Diego Rossi: LW/second-striker at Fener - wide plurality,batch_05_verified.csv
51045,181947,D. Rossi,2223,TR,CAM,58,Winger,low,"CHANGE proposed at low confidence , unresolved",Same profile (1584 min),batch_05_verified.csv
41161,183040,Davidson,2021,TR,CAM,66,Winger,low,"CHANGE proposed at low confidence , unresolved",Davidson: LW per Turkish league records; 11-goal season,batch_05_verified.csv
41161,182533,Davidson,2122,TR,CAM,54,Winger,low,"CHANGE proposed at low confidence , unresolved",Same LW role,batch_05_verified.csv
8483,176683,J. Dompé,2122,BPL,CAM,66,Winger,medium,"CHANGE proposed at medium confidence , unresolved",Zulte's fast LW; 12 assists,batch_05_verified.csv
47574,140918,Moi Gómez,1617,LL,CAM,66,Winger,low,"CHANGE proposed at low confidence , unresolved",Sporting Gijon: wide-left attacking role,batch_05_verified.csv
409,154192,N. Bentaleb,1718,BL,CAM,66,CM,low,"CHANGE proposed at low confidence , unresolved",Schalke: central mid/8 (1010 min),batch_05_verified.csv
2809,153764,R. Steffen,1819,BL,CAM,66,Winger,low,"CHANGE proposed at low confidence , unresolved",Wolfsburg wide rotation (L/R),batch_05_verified.csv
2996,159622,S. Thioub,1819,L1,CAM,66,Winger,medium,"CHANGE proposed at medium confidence , unresolved",Nimes RW (2481 min),batch_05_verified.csv
2996,159217,S. Thioub,1920,L1,CAM,43,Winger,low,"CHANGE proposed at low confidence , unresolved",Angers wide rotation,batch_05_verified.csv
2996,158773,S. Thioub,2021,L1,CAM,42,Winger,low,"CHANGE proposed at low confidence , unresolved",Same wide rotation,batch_05_verified.csv
2996,158325,S. Thioub,2122,L1,CAM,20,Winger,low,"CHANGE proposed at low confidence , unresolved",953 min at ASSE; wide when used,batch_05_verified.csv
31146,146484,S. Tonali,2021,SA,CAM,28,CDM,medium,"CHANGE proposed at medium confidence , unresolved",Pioli 4-2-3-1: double pivot (1335 settling-in min),batch_05_verified.csv
22104,160783,Y. Salibur,1617,L1,CAM,66,Winger,medium,"CHANGE proposed at medium confidence , unresolved",Guingamp's wide man; 8-goal season,batch_05_verified.csv
22104,160357,Y. Salibur,1718,L1,CAM,53,Winger,low,"CHANGE proposed at low confidence , unresolved",Same wide role (1529 min),batch_05_verified.csv
22104,159937,Y. Salibur,1819,L1,CAM,30,Winger,low,"CHANGE proposed at low confidence , unresolved",881 min at ASSE; wide in cameos,batch_05_verified.csv
22104,182782,Y. Salibur,2021,TR,CAM,21,Winger,low,"CHANGE proposed at low confidence , unresolved",798 min at Karagumruk; wide in cameos,batch_05_verified.csv
50910,140885,A. Katai,1617,LL,CAM,65,Winger,low,"CHANGE proposed at low confidence , unresolved",770 min at Alaves; LW when used,batch_05_verified.csv
272,160638,A. Rabiot,1617,L1,CAM,57,CM,medium,"CHANGE proposed at medium confidence , unresolved",PSG central mid (some 6),batch_05_verified.csv
272,160202,A. Rabiot,1718,L1,CAM,57,CM,medium,"CHANGE proposed at medium confidence , unresolved",Emery's midfield 8/6,batch_05_verified.csv
272,144357,A. Rabiot,2526,SA,CAM,65,CM,medium,"CHANGE proposed at medium confidence , unresolved",Allegri's Milan: central mid through the autumn; spring half beyond reliable coverage,batch_05_verified.csv
21437,158936,D. Bouanga,2021,L1,CAM,65,Winger,medium,"CHANGE proposed at medium confidence , unresolved",ASSE LW,batch_05_verified.csv
18809,133129,Deulofeu,1920,PL,CAM,65,Winger,medium,"CHANGE proposed at medium confidence , unresolved",Watford: wide-left forward,batch_05_verified.csv
30410,146464,F. Chiesa,2021,SA,CAM,65,Winger,medium,"CHANGE proposed at medium confidence , unresolved",Juve wide L/R (incl. wing-back spells under Pirlo) - wide plurality,batch_05_verified.csv
30410,146041,F. Chiesa,2122,SA,CAM,49,Winger,low,"CHANGE proposed at low confidence , unresolved",868 min before ACL; wide when used,batch_05_verified.csv
1944,177717,J. Paintsil,1819,BPL,CAM,42,Winger,low,"CHANGE proposed at low confidence , unresolved",Genk: young wide forward (1053 min),batch_05_verified.csv
1944,182999,J. Paintsil,2021,TR,CAM,65,Winger,low,"CHANGE proposed at low confidence , unresolved","Ankaragucu wide forward; 11 goals, thin split data",batch_05_verified.csv
30533,147483,M. Locatelli,1718,SA,CAM,24,CM,low,"CHANGE proposed at low confidence , unresolved",666 min of young regista/8 cameos at Milan,batch_05_verified.csv
30533,147062,M. Locatelli,1819,SA,CAM,65,CM,medium,"CHANGE proposed at medium confidence , unresolved",De Zerbi's midfield 8 (1849 min),batch_05_verified.csv
30533,146175,M. Locatelli,2021,SA,CAM,61,CDM,medium,"CHANGE proposed at medium confidence , unresolved",De Zerbi's deep regista in the double pivot (2885 min),batch_05_verified.csv
21509,153031,M. Thuram,2021,BL,CAM,65,Winger,medium,"CHANGE proposed at medium confidence , unresolved",Rose's left forward (some CF),batch_05_verified.csv
2598,170955,R. Dōan,2122,ERE,CAM,65,Winger,medium,"CHANGE proposed at medium confidence , unresolved",PSV RW (1517 min),batch_05_verified.csv
41288,166974,Ricardo Valente,1617,PRT,CAM,47,Winger,low,"CHANGE proposed at low confidence , unresolved",Pacos: wide forward per Portuguese records (1496 min),batch_05_verified.csv
41288,166574,Ricardo Valente,1718,PRT,CAM,65,Winger,low,"CHANGE proposed at low confidence , unresolved",Maritimo wide forward; 8 goals,batch_05_verified.csv
50157,166831,T. Boyd,1718,PRT,CAM,57,Winger,low,"CHANGE proposed at low confidence , unresolved","Tyler Boyd (by ID/club history, NOT Terrence the striker): Tondela loan RW",batch_05_verified.csv
50157,183809,T. Boyd,1819,TR,CAM,65,Winger,medium,"CHANGE proposed at medium confidence , unresolved",Ankaragucu loan: RW - the 6G/4A spell that earned the Besiktas move,batch_05_verified.csv
50157,183425,T. Boyd,1920,TR,CAM,33,Winger,low,"CHANGE proposed at low confidence , unresolved",Besiktas RW (940 min),batch_05_verified.csv
2808,187436,A. Mehmedi,1718,BL,CAM,64,Winger,low,"CHANGE proposed at low confidence , unresolved",988 min: wide/second-striker rotation - wide plurality,batch_05_verified.csv
50043,183775,B. Samudio,1819,TR,CAM,59,Winger,low,"CHANGE proposed at low confidence , unresolved","Samudio: wide forward per Turkish records - CF share, thin data",batch_05_verified.csv
50043,183376,B. Samudio,1920,TR,CAM,51,Winger,low,"CHANGE proposed at low confidence , unresolved",Same wide-forward profile,batch_05_verified.csv
50043,182944,B. Samudio,2021,TR,CAM,64,Winger,low,"CHANGE proposed at low confidence , unresolved",Same profile; 8G/4A season,batch_05_verified.csv
48079,169554,J. Karlsson,2526,ERE,CAM,51,UNSURE,unsure,"UNSURE , research could not establish the season role",No reliable per-season record for Utrecht 25/26 available here (688 min); declining to infer from career position,batch_01_verified.csv
18906,132250,Ayoze Pérez,2122,PL,CAM,56,UNSURE,unsure,"UNSURE , research could not establish the season role",443 fringe minutes; no citable per-season position data,batch_02_verified.csv
18906,131860,Ayoze Pérez,2223,PL,CAM,27,UNSURE,unsure,"UNSURE , research could not establish the season role",380 fringe minutes before Jan exit; no citable data,batch_02_verified.csv
1646,130407,Lucas Paquetá,2526,PL,CAM,55,UNSURE,unsure,"UNSURE , research could not establish the season role",25/26 role split CM/AM under Nuno and spring half beyond reliable coverage here,batch_02_verified.csv
547,108921,D. van de Beek,2526,PL,CAM,57,UNSURE,unsure,"UNSURE , research could not establish the season role",25/26 Forest spell post-dates reliable coverage here; no citable data,batch_02_verified.csv
36905,172820,G. Til,1617,ERE,CAM,43,UNSURE,unsure,"UNSURE , research could not establish the season role",316 fringe minutes; no citable per-season data,batch_02_verified.csv
2913,159927,Kwon Chang-Hoon,1819,L1,CAM,47,UNSURE,unsure,"UNSURE , research could not establish the season role",935 min in an injury-disrupted season; no citable position data,batch_02_verified.csv
744,140241,Brahim Díaz,1819,LL,CAM,48,UNSURE,unsure,"UNSURE , research could not establish the season role",381 fringe minutes; no citable per-season data,batch_02_verified.csv
46884,140734,Carlos Carmona Bonet,1617,LL,CAM,77,UNSURE,unsure,"UNSURE , research could not establish the season role",Cannot separate this Carmona's per-season role with citable evidence; declining to guess,batch_02_verified.csv
8965,177410,F. Selemani,1920,BPL,CAM,27,UNSURE,unsure,"UNSURE , research could not establish the season role",353 fringe minutes; no citable data,batch_02_verified.csv
49857,182737,İ. Kahveci,2021,TR,CAM,NR,UNSURE,unsure,"UNSURE , research could not establish the season role",669 min after Jan transfer to Fener; no citable data,batch_02_verified.csv
49857,181153,İ. Kahveci,2425,TR,CAM,48,UNSURE,unsure,"UNSURE , research could not establish the season role",934 injury-hit minutes; no citable data,batch_02_verified.csv
50180,183024,S. Gürler,2021,TR,CAM,NR,UNSURE,unsure,"UNSURE , research could not establish the season role",355 fringe minutes; no citable data,batch_02_verified.csv
105581,177282,D. Hotić,1920,BPL,CAM,34,UNSURE,unsure,"UNSURE , research could not establish the season role",512 fringe minutes; no citable data,batch_02_verified.csv
26,153580,M. Wolf,1819,BL,CAM,37,UNSURE,unsure,"UNSURE , research could not establish the season role",828 fringe minutes at BVB; no citable data,batch_02_verified.csv
47447,181690,P. Sisto,2324,TR,CAM,27,UNSURE,unsure,"UNSURE , research could not establish the season role",686 fringe minutes late-career at Alanyaspor; no citable data,batch_02_verified.csv
2459,147232,D. Machís,1819,SA,CAM,27,UNSURE,unsure,"UNSURE , research could not establish the season role",457 fringe minutes at Udinese; no citable data,batch_03_verified.csv
50464,182960,M. Thiam,2021,TR,CAM,58,UNSURE,unsure,"UNSURE , research could not establish the season role",Fener rotation across all front positions (1490 min); no citable per-season split,batch_03_verified.csv
41190,165938,Carlos Júnior,1920,PRT,CAM,60,UNSURE,unsure,"UNSURE , research could not establish the season role",Cannot cite a per-season role at Santa Clara; declining to guess,batch_03_verified.csv
41190,165551,Carlos Júnior,2021,PRT,CAM,72,UNSURE,unsure,"UNSURE , research could not establish the season role",14-goal season but no citable per-season position split at Santa Clara,batch_03_verified.csv
21446,159330,A. Bobichon,1920,L1,CAM,52,UNSURE,unsure,"UNSURE , research could not establish the season role",653 fringe minutes at Angers; no citable data,batch_03_verified.csv
272726,170451,D. Rots,2223,ERE,CAM,NR,UNSURE,unsure,"UNSURE , research could not establish the season role",715 fringe minutes; no citable data,batch_04_verified.csv
17,153865,C. Pulišić,1819,BL,CAM,57,UNSURE,unsure,"UNSURE , research could not establish the season role",483 fringe minutes; no citable data,batch_04_verified.csv
41197,165034,Galeno,2122,PRT,CAM,26,UNSURE,unsure,"UNSURE , research could not establish the season role",303 fringe minutes; no citable data,batch_04_verified.csv
21451,158360,R. Ripart,2122,L1,CAM,45,UNSURE,unsure,"UNSURE , research could not establish the season role",Troyes role rotated between forward and wing-back; no citable per-season split,batch_04_verified.csv
33255,183542,Ł. Podolski,1920,TR,CAM,45,UNSURE,unsure,"UNSURE , research could not establish the season role",372 fringe minutes; no citable data,batch_04_verified.csv
50097,183956,M. Yandaş,1718,TR,CAM,42,UNSURE,unsure,"UNSURE , research could not establish the season role",839 rotation minutes; no citable role split,batch_04_verified.csv
107,159713,S. Diop,1819,L1,CAM,21,UNSURE,unsure,"UNSURE , research could not establish the season role",742 fringe teenage minutes; no citable data,batch_05_verified.csv
3424,167211,B. Mensah,1617,PRT,CAM,NR,UNSURE,unsure,"UNSURE , research could not establish the season role",881 fringe minutes (NR goals); no citable data,batch_05_verified.csv
41288,166175,Ricardo Valente,1819,PRT,CAM,28,UNSURE,unsure,"UNSURE , research could not establish the season role",420 fringe minutes; no citable data,batch_05_verified.csv
41288,165736,Ricardo Valente,1920,PRT,CAM,32,UNSURE,unsure,"UNSURE , research could not establish the season role",441 fringe minutes; no citable data,batch_05_verified.csv
50157,166433,T. Boyd,1819,PRT,CAM,NR,UNSURE,unsure,"UNSURE , research could not establish the season role",425 fringe minutes at Guimaraes; no citable data,batch_05_verified.csv
50157,183011,T. Boyd,2021,TR,CAM,27,UNSURE,unsure,"UNSURE , research could not establish the season role",318 fringe minutes at Sivasspor; no citable data,batch_05_verified.csv
